"id","rand1","rand2"
1,111.3228,223.1691
2,121.8341,259.9248
3,121.6264,181.4966
4,107.2279,186.8473
5,67.37032,213.5127
6,119.59,238.3231
7,96.67645,207.6602
8,74.73798,273.0807
9,112.9976,136.5152
10,54.80753,161.2116
11,98.37129,193.6652
12,120.4017,175.3272
13,111.4262,251.6731
14,139.4811,133.2225
15,64.73481,174.5763
16,150.7197,206.1677
17,81.73056,214.0871
18,92.79842,266.4584
19,86.47391,199.2599
20,61.09298,216.3076
21,53.12146,193.5895
22,38.66741,137.8467
23,116.6947,184.7711
24,172.2908,251.2519
25,111.1956,163.4038
26,155.4223,219.6207
27,115.467,167.1647
28,82.3796,175.6072
29,149.9377,252.989
30,93.15825,167.6827
31,125.8095,215.1707
32,102.1583,216.2675
33,147.8334,153.2655
34,76.52602,259.1664
35,116.2532,195.1744
36,175.5735,292.3722
37,102.5179,165.4456
38,85.50761,243.7996
39,102.2879,206.0599
40,137.6969,245.0234
41,118.9579,231.8809
42,52.37259,192.1648
43,102.9395,159.4126
44,43.18834,233.3905
45,106.6704,153.4262
46,66.71946,224.6853
47,107.6893,128.7155
48,190.0003,247.5666
49,116.9652,229.7941
50,83.07594,206.9473
51,83.32267,176.1381
52,164.2077,154.487
53,110.9504,219.9391
54,112.0111,228.5288
55,97.26292,248.4356
56,87.2916,168.8366
57,97.59445,164.1274
58,109.1919,226.6799
59,104.0102,276.7509
60,131.5375,248.2318
61,121.8997,177.1805
62,153.4939,163.9653
63,104.3318,183.7594
64,52.92758,162.2412
65,70.81669,130.2926
66,98.98501,221.4172
67,74.25288,262.1338
68,44.7951,293.4432
69,113.2765,208.1295
70,109.8974,190.0981
71,147.476,158.4782
72,64.89029,228.6774
73,139.216,207.3655
74,88.14358,265.4138
75,104.1662,189.4334
76,76.7771,148.4777
77,149.2747,198.8678
78,58.03387,225.1066
79,129.9344,277.3992
80,150.7153,202.7544
81,84.70353,226.5696
82,81.36928,237.3414
83,122.8775,211.4188
84,158.4721,205.6194
85,161.288,151.5483
86,98.50857,212.7353
87,56.17915,244.8484
88,149.0495,213.1239
89,74.35066,223.5933
90,59.49116,221.6797
91,124.8284,230.3133
92,107.1588,211.7111
93,135.6259,183.3107
94,95.46067,165.2094
95,79.79503,207.4916
96,103.5005,190.964
97,185.2401,194.6372
98,120.3627,168.7839
99,112.9339,302.812
100,81.17704,229.5927
101,116.7794,170.458
102,73.48669,59.84124
103,109.8353,202.1816
104,44.08558,233.5947
105,100.7255,212.2128
106,115.9034,194.3413
107,121.0394,179.8291
108,123.9649,264.7892
109,111.2201,168.2716
110,24.67036,262.1742
111,104.0578,216.48
112,71.31629,193.8466
113,79.42245,129.5748
114,166.9297,184.6755
115,86.11433,151.1861
116,92.72761,116.4351
117,99.10855,297.8955
118,132.3466,248.8453
119,139.8725,292.0092
120,31.87771,263.4522
121,127.8171,175.8653
122,107.7034,238.5549
123,106.6626,180.6472
124,150.1264,153.1966
125,84.81995,107.7814
126,75.11871,217.1279
127,97.96015,223.4069
128,136.6447,207.1505
129,87.25321,290.6383
130,88.40536,180.7624
131,102.2474,128.7146
132,84.36073,205.6211
133,109.0222,281.6196
134,155.0078,159.2127
135,70.1339,177.8766
136,120.9226,206.7023
137,122.1661,208.9399
138,120.4947,153.7654
139,52.14559,179.8573
140,119.3601,181.6675
141,92.56133,234.7642
142,119.2559,203.414
143,39.14898,236.541
144,113.1764,214.201
145,108.9003,173.5546
146,56.291,245.5806
147,31.49511,185.5549
148,110.1785,215.7031
149,99.75607,218.7291
150,111.5204,246.5885
151,66.66667,178.5208
152,88.04315,190.2345
153,102.0087,252.2595
154,140.0344,210.9333
155,183.9937,207.7264
156,122.6065,225.417
157,68.48267,233.6918
158,92.94506,166.4184
159,71.52404,268.8581
160,87.60126,221.4753
161,113.5297,208.961
162,86.70632,163.7882
163,40.20403,196.4803
164,40.93648,116.4066
165,64.03516,265.4449
166,72.99499,136.817
167,75.30075,152.051
168,-3.05427,210.3226
169,52.79787,181.0866
170,124.4148,177.6317
171,104.8973,186.5759
172,60.25398,178.8922
173,144.8256,154.9362
174,75.79659,171.0627
175,112.727,253.9251
176,47.46044,136.1365
177,126.2047,264.3287
178,59.79861,231.9433
179,70.52514,151.4434
180,102.4492,112.4689
181,70.63104,106.6257
182,108.8331,224.6047
183,47.36867,135.5067
184,170.0093,207.0332
185,105.0716,172.1519
186,94.50414,179.9096
187,157.0218,199.7212
188,137.6033,206.6657
189,106.2711,176.9411
190,169.3754,222.7013
191,66.34651,239.024
192,99.49027,238.1713
193,150.1889,240.6706
194,104.8667,217.5285
195,38.17152,186.5386
196,61.94835,266.7617
197,94.41403,208.4421
198,138.4709,182.8246
199,68.94462,178.4392
200,110.0835,163.9119
201,21.6889,245.2086
202,121.5053,226.0411
203,78.86956,134.4425
204,71.06086,211.7137
205,136.217,226.9207
206,95.7418,117.4742
207,98.61662,235.0944
208,84.37153,189.5533
209,132.1105,273.2123
210,215.3127,164.3616
211,111.1663,178.163
212,101.5466,244.4347
213,75.55683,178.3683
214,154.1629,139.0266
215,134.0917,208.3299
216,88.46126,211.6995
217,139.3179,271.496
218,137.6428,212.4558
219,64.90404,180.8638
220,170.7526,178.7475
221,152.6249,194.8745
222,80.23149,176.3968
223,56.39345,276.3915
224,114.7527,201.309
225,87.76134,268.52
226,89.18642,237.3102
227,91.35754,201.7985
228,68.50799,138.4122
229,80.15896,192.8093
230,58.68824,245.2563
231,106.798,199.9037
232,102.8291,210.2374
233,165.2602,118.4844
234,59.91887,269.0968
235,33.69814,199.1649
236,115.6276,191.0744
237,78.70144,140.0283
238,124.2652,142.9562
239,69.31885,178.2176
240,106.6503,150.7644
241,174.1147,187.5364
242,97.46609,202.8104
243,105.1057,214.0466
244,88.77515,216.0129
245,86.80789,190.258
246,132.7439,223.9768
247,-0.68267,225.6739
248,121.1878,213.8402
249,143.1182,238.7728
250,58.2799,197.7993
251,97.13334,152.7826
252,104.855,219.96
253,106.5932,165.3127
254,150.4287,126.9059
255,142.1474,206.5058
256,100.9541,201.5214
257,117.5593,225.3758
258,88.03102,197.4854
259,156.6726,176.6084
260,160.5192,232.6311
261,171.3489,243.1495
262,118.4269,163.3933
263,84.48886,135.1043
264,185.1282,276.8543
265,57.97955,244.1135
266,65.45127,158.1983
267,143.0504,170.423
268,85.68542,209.3415
269,100.3138,144.1929
270,133.9681,197.0619
271,159.9162,200.9757
272,51.79571,220.2148
273,78.65471,213.093
274,46.70306,245.4554
275,75.12927,145.5236
276,6.342992,215.8848
277,5.997372,182.5276
278,69.15966,235.9177
279,85.06519,198.6043
280,56.5766,177.8831
281,93.42738,193.446
282,44.42117,223.9445
283,109.2435,133.3771
284,70.2381,187.2888
285,99.4214,159.8877
286,56.9199,185.2102
287,86.48543,167.6952
288,107.8453,168.8439
289,160.3234,164.9104
290,66.32372,289.8784
291,131.373,171.2284
292,148.6787,253.7849
293,39.87309,254.2094
294,102.4521,185.6867
295,77.92277,265.968
296,29.18852,198.764
297,82.0512,180.4156
298,15.24304,124.8305
299,116.7826,201.8509
300,89.47551,206.303
301,24.43736,206.3986
302,189.0519,229.3895
303,111.6099,204.866
304,48.17503,229.5408
305,61.04164,199.3932
306,163.3008,184.4446
307,112.1609,245.4744
308,118.8388,262.0824
309,98.79724,185.5929
310,82.06661,187.4348
311,55.41945,157.8688
312,69.79688,204.6025
313,147.297,161.6388
314,97.39167,295.662
315,59.18616,241.1165
316,87.93284,284.156
317,81.85008,230.1456
318,90.84196,287.75
319,119.1858,194.3869
320,140.5791,229.878
321,137.7772,272.9881
322,75.42133,236.2135
323,14.36969,211.9723
324,216.5851,235.7349
325,80.82243,250.0544
326,115.7884,270.4746
327,140.7477,190.6167
328,60.23746,107.5927
329,116.2775,187.4581
330,131.833,203.2842
331,168.5177,125.9321
332,155.034,222.4659
333,72.90911,150.1902
334,170.5472,231.092
335,83.35072,224.7228
336,102.0538,161.4265
337,89.75714,228.7952
338,139.2214,243.229
339,94.07353,198.8657
340,137.1525,232.5033
341,90.85199,228.6513
342,142.4754,204.771
343,109.5331,242.1425
344,105.5917,130.4712
345,115.9387,198.4788
346,90.19923,198.6227
347,110.3862,124.6229
348,67.32579,174.084
349,139.3419,202.7428
350,123.8812,235.233
351,103.7067,200.4486
352,94.25839,215.7675
353,70.06831,197.5987
354,139.86,222.9004
355,61.13842,210.9915
356,119.4433,191.1814
357,180.6014,149.2903
358,102.6051,185.0955
359,88.17537,213.7755
360,64.04283,185.12
361,59.26027,218.7238
362,127.3684,168.7247
363,133.8167,120.35
364,190.7727,185.69
365,82.03362,187.9485
366,145.3149,221.5539
367,120.9608,174.1573
368,108.906,241.0972
369,80.2197,295.1865
370,161.8807,202.9634
371,106.6035,185.8038
372,133.3326,213.2459
373,52.31266,183.3522
374,122.8396,185.2893
375,171.3758,174.5947
376,104.1939,98.73736
377,80.20797,152.2025
378,98.17007,187.1516
379,145.8244,196.9378
380,59.97274,188.9433
381,134.726,128.4052
382,188.1,227.9908
383,70.17165,150.2872
384,120.6887,268.5966
385,56.09818,214.991
386,156.113,149.2058
387,117.7625,198.9086
388,47.95776,211.0019
389,34.05063,233.8604
390,93.51621,185.7977
391,79.39357,198.6783
392,157.1214,152.8378
393,122.9138,155.1192
394,137.13,192.3061
395,137.6221,207.5105
396,216.9621,152.1113
397,159.4756,210.4259
398,70.18237,250.0823
399,35.29599,268.5307
400,129.2797,229.0149
401,144.8893,194.7417
402,82.47985,270.7911
403,33.69743,219.589
404,99.05755,207.7751
405,97.71344,141.4161
406,187.0547,280.0571
407,125.5939,151.2372
408,74.29381,178.6916
409,73.22404,186.65
410,120.4767,235.848
411,59.25736,237.9884
412,58.02445,179.7107
413,127.7216,244.2816
414,83.93017,163.4662
415,58.41296,220.3594
416,77.3143,126.1649
417,72.67906,193.0451
418,175.2694,191.5925
419,97.96517,160.0643
420,66.05215,152.4022
421,105.8988,185.2541
422,83.22367,184.8432
423,172.3014,208.4637
424,70.09182,180.1784
425,21.78063,176.4603
426,129.8343,219.8504
427,83.25563,126.3655
428,69.6734,161.9411
429,92.71225,104.3174
430,109.0311,185.8658
431,52.04056,267.727
432,92.01295,218.7329
433,19.40005,213.816
434,94.90974,162.573
435,46.93459,232.4859
436,78.90325,149.3073
437,116.8832,214.1096
438,68.21399,231.7354
439,88.38167,296.1029
440,146.4703,265.2386
441,155.0151,136.8234
442,60.41679,161.0725
443,75.29779,219.3639
444,124.4911,252.2142
445,46.15591,161.8629
446,163.2127,219.9509
447,42.79527,120.1158
448,110.3997,216.098
449,166.5738,262.2845
450,125.1971,207.516
451,127.3848,194.674
452,94.08576,170.7076
453,154.0375,207.6785
454,113.4034,187.6731
455,149.32,178.9263
456,87.7844,221.3917
457,170.4263,183.6778
458,94.20004,169.5882
459,189.4252,199.2038
460,165.5161,175.5151
461,101.5935,195.1438
462,150.1781,265.9229
463,155.4147,146.4462
464,162.8979,198.099
465,95.6093,295.7155
466,88.86641,272.5919
467,158.8391,241.7568
468,8.472592,151.6335
469,63.83997,208.0369
470,57.18732,176.0111
471,47.50302,189.3347
472,143.0645,105.3757
473,85.3953,162.4696
474,133.895,215.3028
475,73.24366,228.311
476,74.04071,190.7464
477,63.76223,223.6102
478,65.12002,246.9125
479,45.32101,208.8044
480,151.9832,211.8776
481,51.7813,201.4844
482,156.2881,238.1552
483,62.70389,163.3251
484,24.76314,203.654
485,46.9731,245.4402
486,115.9474,148.5877
487,139.7925,237.5202
488,124.166,170.6351
489,95.46583,199.8943
490,86.1604,263.8683
491,85.28293,184.2657
492,152.1245,219.5134
493,63.48162,132.8504
494,61.94735,174.1761
495,155.6621,150.3639
496,96.10511,244.2171
497,97.61176,174.5716
498,87.30752,257.7909
499,137.6863,194.3044
500,94.84035,246.8912
501,26.8809,198.8835
502,165.8967,206.6096
503,79.77243,218.2796
504,89.4624,154.6636
505,122.8786,324.1667
506,62.15273,137.6652
507,91.40673,236.8
508,12.19423,213.0839
509,99.50617,192.7835
510,95.89854,234.0084
511,116.7735,225.6135
512,145.7973,237.9444
513,151.902,192.4008
514,102.6513,285.8022
515,150.2077,233.0239
516,166.9493,143.1964
517,49.51726,183.1818
518,165.2858,200.7766
519,98.87265,145.3264
520,92.3594,215.1236
521,84.98361,143.1929
522,22.93695,236.6563
523,68.77373,138.7681
524,70.78423,228.5678
525,131.4031,216.1126
526,93.47219,193.6279
527,113.5855,221.8321
528,85.74819,208.2455
529,37.55288,178.4384
530,137.3343,193.5048
531,115.6527,130.7882
532,136.9706,222.9565
533,165.495,203.2183
534,125.6398,196.6534
535,136.6615,197.872
536,133.6055,192.8701
537,54.13352,114.2097
538,191.9211,218.7562
539,123.628,216.1497
540,127.9983,254.8959
541,138.1165,184.3458
542,102.5408,218.6758
543,102.6421,259.7839
544,144.177,153.9917
545,164.2979,244.591
546,127.8724,208.7112
547,123.1676,180.3703
548,30.6528,211.3238
549,83.9408,157.3413
550,48.31932,187.1869
551,29.11514,197.6337
552,30.72305,205.0703
553,181.2822,277.0392
554,115.2529,249.7125
555,114.1976,190.9697
556,150.1688,141.8954
557,144.4606,214.9276
558,180.2144,228.437
559,126.6862,196.6998
560,36.02586,185.3646
561,65.95725,211.9366
562,139.6127,248.8529
563,124.2516,146.2024
564,148.7935,205.1856
565,80.13196,204.7774
566,91.25187,267.7282
567,88.41462,196.251
568,123.3835,238.7153
569,107.4569,222.4373
570,88.53216,152.1068
571,183.3518,248.5429
572,116.0091,205.4718
573,188.1135,130.4856
574,91.4841,260.6744
575,64.31581,176.1555
576,136.8718,260.5843
577,64.58735,219.8501
578,168.038,186.2459
579,94.18068,220.0537
580,101.0984,252.2195
581,111.6793,196.5719
582,65.26835,161.1008
583,163.1802,181.1992
584,104.3857,183.6292
585,59.93467,201.2677
586,99.39037,196.0451
587,72.70088,205.1493
588,68.86547,218.2657
589,101.4083,216.7511
590,101.2754,210.8011
591,153.2302,216.4465
592,55.68518,221.8548
593,95.42827,245.5166
594,91.22614,206.933
595,132.3541,231.955
596,123.2493,277.942
597,66.28489,164.3587
598,122.0673,256.4659
599,65.86692,155.144
600,82.04566,153.5147
601,67.74896,190.4914
602,58.29155,167.7083
603,150.3855,257.7782
604,14.06358,185.0934
605,169.4301,200.1546
606,166.6432,299.2368
607,137.6196,219.9781
608,83.32152,192.2963
609,195.8364,216.6553
610,131.5421,211.9478
611,81.21957,190.7939
612,94.89138,202.5347
613,86.13665,148.2741
614,94.24683,260.1689
615,71.2442,202.9336
616,113.8697,227.6667
617,143.5203,242.9947
618,41.8438,167.4488
619,129.3218,183.5775
620,90.83167,179.4527
621,10.9766,273.2867
622,74.38178,190.5091
623,68.98835,187.6207
624,145.7779,173.9205
625,89.949,207.5821
626,75.32109,137.1227
627,156.1124,190.0883
628,61.60866,242.8245
629,193.4266,158.7121
630,140.8401,197.0303
631,112.5758,204.8558
632,102.7616,194.6498
633,130.4554,242.2449
634,148.5893,212.9733
635,148.1677,218.8432
636,122.5525,199.5537
637,90.66366,210.9759
638,80.38481,248.1271
639,89.83553,187.0791
640,140.3976,203.3704
641,78.02312,188.781
642,27.9579,200.2163
643,140.2639,211.2974
644,187.3437,155.2705
645,110.79,214.2056
646,92.90739,251.2417
647,124.082,159.2482
648,109.8062,255.6014
649,105.5233,256.8649
650,92.10123,172.3104
651,51.51058,183.4168
652,180.4662,190.4706
653,73.66476,195.7166
654,126.7075,233.6993
655,70.4453,228.8963
656,87.70579,260.0582
657,111.5286,312.2711
658,88.96486,246.9544
659,131.5341,240.6882
660,123.3564,311.8638
661,67.69582,243.3223
662,23.20955,146.0716
663,119.9692,146.8429
664,32.60699,242.4831
665,160.9783,200.561
666,129.654,257.2074
667,116.3067,196.4641
668,139.4351,121.2261
669,87.79154,136.4463
670,84.92604,237.755
671,41.02577,210.9897
672,88.64774,178.886
673,89.87451,184.6248
674,96.49459,168.2734
675,101.3345,179.9838
676,12.14248,167.4069
677,94.55857,210.6748
678,137.5205,185.0135
679,81.49124,231.3623
680,78.98251,166.3691
681,30.0777,154.8926
682,126.6073,153.5096
683,121.0773,188.911
684,82.58387,204.9195
685,132.5162,270.6502
686,166.3513,154.5744
687,72.83251,201.7031
688,97.88188,215.6149
689,91.12666,160.6779
690,39.99568,141.0895
691,40.53893,177.3475
692,76.40116,183.233
693,98.07057,176.1642
694,48.59773,261.2964
695,123.0699,259.5484
696,42.37931,240.2436
697,149.793,216.2867
698,129.8223,177.3321
699,112.6882,236.1592
700,66.18142,210.0932
701,50.83457,138.9202
702,142.0223,124.2898
703,99.92917,214.0614
704,76.19519,262.4408
705,67.05742,277.4107
706,102.369,134.7933
707,69.53425,211.2815
708,48.75683,214.1148
709,48.00983,152.7307
710,19.99238,201.864
711,122.0144,213.5695
712,93.44797,131.3403
713,107.8128,228.9416
714,85.13212,256.788
715,125.9652,204.6122
716,181.9073,210.2854
717,191.5488,190.574
718,46.9024,250.5923
719,14.174,189.5171
720,178.6043,226.1122
721,62.28745,200.2171
722,118.1068,201.3469
723,118.2459,212.3155
724,147.3995,191.9518
725,114.9878,247.7132
726,92.13654,173.014
727,27.87619,170.2855
728,76.83386,219.8021
729,67.16213,199.8555
730,95.3819,217.802
731,132.2837,130.3219
732,102.7438,150.9057
733,61.76676,177.9655
734,79.3689,186.7723
735,37.26039,235.028
736,128.9932,126.9021
737,129.2964,166.6122
738,69.43871,265.5407
739,134.9238,278.5496
740,68.02652,158.7505
741,102.3752,266.9029
742,146.2922,243.0958
743,79.51386,174.219
744,148.7103,179.9372
745,130.3186,213.4435
746,198.4688,198.6491
747,41.99294,228.9544
748,49.11773,245.8013
749,138.5236,222.6722
750,77.43988,116.7988
751,162.663,198.7541
752,144.2707,145.9995
753,102.0765,189.4836
754,96.42394,197.5211
755,118.7253,175.3262
756,141.8343,249.7304
757,89.72554,186.2392
758,106.0901,205.3396
759,140.8991,175.8007
760,127.8844,181.2963
761,83.09451,122.4196
762,101.1588,235.3967
763,55.47134,216.3158
764,107.454,174.3542
765,88.40995,151.203
766,44.74141,155.3516
767,158.9583,167.3773
768,134.5403,159.255
769,161.3748,219.7108
770,92.63042,170.6176
771,77.13105,186.0784
772,82.39769,184.8181
773,117.2482,163.1055
774,100.411,167.3403
775,87.91507,193.873
776,185.4734,252.3537
777,180.7433,240.0804
778,129.5735,211.5063
779,107.5862,137.9533
780,48.53821,189.0116
781,94.82156,236.7374
782,114.8605,220.6243
783,46.28252,159.0587
784,138.9974,170.2138
785,121.3557,193.7383
786,96.25001,184.5814
787,96.05972,196.7758
788,30.72691,240.7834
789,153.2238,192.5836
790,-65.6729,237.7026
791,91.41216,206.4574
792,92.0695,182.7701
793,130.1097,226.9172
794,141.0914,198.3381
795,114.6937,206.1614
796,93.28954,261.515
797,31.37942,250.3286
798,151.1389,146.3879
799,78.20048,215.0605
800,49.14345,265.1653
801,123.3224,235.0273
802,117.735,179.4913
803,156.6376,201.2091
804,36.03698,131.9312
805,147.7505,182.2594
806,11.71751,208.1581
807,45.57413,98.789
808,105.9504,133.7734
809,95.57975,152.419
810,95.3188,120.5889
811,99.56528,202.203
812,52.04434,166.3357
813,70.46238,215.6103
814,60.18912,120.5245
815,206.2137,246.4236
816,99.44694,238.4703
817,66.71424,188.1715
818,79.72954,244.9493
819,18.88551,155.009
820,149.6609,221.6818
821,39.52638,231.4713
822,63.8483,161.0494
823,92.5705,258.327
824,87.86317,140.4867
825,58.4572,257.4901
826,121.9557,223.8542
827,67.86207,206.4878
828,48.06945,240.9334
829,122.6979,189.4977
830,88.784,181.7305
831,72.39686,185.9447
832,75.72604,191.6195
833,16.16902,238.6117
834,69.21066,170.5177
835,101.2985,186.2118
836,109.0335,259.9716
837,73.57909,174.1011
838,105.1313,179.834
839,176.7561,140.7244
840,132.0597,189.5974
841,111.0191,144.5821
842,173.6187,224.5781
843,105.8757,146.0996
844,125.4801,178.5771
845,125.0827,208.533
846,131.2108,205.731
847,66.43332,138.8841
848,70.28802,149.7959
849,109.9473,181.5841
850,159.4507,202.8585
851,62.51534,209.8086
852,144.364,126.9751
853,107.8288,265.7588
854,83.8929,249.5411
855,-2.6441,192.0626
856,129.6325,147.5045
857,92.46399,141.111
858,35.03008,187.7434
859,90.71979,241.084
860,77.01513,188.921
861,67.23998,68.61425
862,145.4814,208.6782
863,71.49639,187.4741
864,81.33108,245.5105
865,71.99633,203.1859
866,27.67554,216.9128
867,98.45786,183.7488
868,144.5921,192.3438
869,65.1985,153.6166
870,161.8953,204.4188
871,79.49409,187.5282
872,62.11309,189.7674
873,117.5019,239.8198
874,87.66388,206.5285
875,63.87049,239.0067
876,118.455,184.4883
877,152.9705,275.5882
878,156.163,220.9734
879,72.83398,165.3947
880,116.0518,227.3634
881,84.70332,229.361
882,132.7793,180.3544
883,162.6685,256.8035
884,192.5744,190.8477
885,121.7616,156.3184
886,130.9634,251.9634
887,52.19071,187.4011
888,74.86672,131.914
889,103.6376,229.9457
890,85.35808,263.2751
891,144.1776,175.9895
892,138.0383,156.4064
893,170.697,227.7147
894,29.75391,262.1328
895,93.65638,135.6282
896,159.6592,211.5789
897,90.71489,187.9465
898,136.9334,261.4408
899,117.3636,203.5393
900,65.02695,133.4778
901,110.1609,192.6171
902,156.0403,146.4169
903,113.0153,164.0517
904,76.77643,205.5454
905,90.11833,202.4386
906,110.5747,160.0659
907,82.67981,144.8052
908,126.2197,190.4122
909,67.16278,164.4751
910,131.3705,206.6314
911,92.6995,162.2509
912,83.36571,184.9978
913,82.70491,173.5576
914,53.68328,196.6331
915,66.90491,216.9511
916,127.3261,235.7276
917,174.4058,215.9443
918,126.4208,216.2191
919,209.1548,192.673
920,108.3403,180.5679
921,109.3537,183.4874
922,59.56763,193.2242
923,66.35568,166.734
924,105.4671,155.388
925,91.11521,240.9595
926,58.70487,193.2893
927,70.73594,202.0721
928,123.6696,200.1659
929,49.50811,194.493
930,54.78198,156.7399
931,94.38849,148.7182
932,99.91731,230.422
933,166.0847,174.4656
934,110.9647,193.1383
935,110.8064,129.0166
936,85.94565,213.1707
937,53.09511,199.6635
938,145.8969,205.4536
939,95.52452,160.6426
940,32.61203,216.9965
941,50.69465,166.2201
942,126.9867,205.4088
943,80.03341,246.1263
944,84.28828,249.2319
945,62.30229,187.3201
946,168.8315,187.3203
947,102.1305,199.7837
948,66.97138,136.0067
949,103.3478,172.081
950,94.93542,176.0108
951,194.5082,164.1341
952,156.884,245.185
953,38.05926,147.9545
954,44.22996,183.2442
955,78.19677,225.616
956,45.51622,269.2614
957,76.66985,218.2827
958,135.9015,197.5009
959,131.1104,184.4597
960,72.19615,206.286
961,139.3136,234.8818
962,95.57175,249.9327
963,4.48869,189.855
964,96.47468,194.5903
965,157.756,191.4492
966,95.97104,182.0151
967,85.25545,232.7507
968,151.538,175.938
969,89.16855,219.2349
970,96.3228,107.8289
971,84.56785,88.28606
972,117.0215,258.6833
973,148.57,236.7305
974,122.0517,196.9206
975,78.87806,275.0837
976,70.3331,233.7202
977,125.7814,251.6658
978,40.53643,196.6347
979,102.4119,220.1041
980,96.85707,154.9206
981,56.30778,175.2243
982,142.3613,133.0072
983,97.2835,272.9151
984,24.85839,182.1651
985,125.5737,223.2964
986,85.55013,225.3863
987,101.874,168.4381
988,72.54651,212.632
989,74.39055,178.1725
990,147.9064,224.1009
991,77.51999,158.2372
992,16.83488,231.4675
993,31.76778,205.6574
994,162.3197,175.53
995,57.09352,178.4707
996,96.28187,180.1914
997,107.1536,170.5432
998,97.64588,179.8615
999,161.6423,235.0029
1000,81.28882,177.8562
1001,129.1068,243.255
1002,105.109,223.6941
1003,74.45978,135.2264
1004,110.4085,255.2616
1005,125.4671,171.5251
1006,39.35721,154.5849
1007,33.46804,165.5575
1008,38.57797,128.8545
1009,35.87508,227.6872
1010,45.23355,289.1178
1011,100.0017,198.0573
1012,121.9747,136.8852
1013,49.59976,157.3424
1014,73.68755,212.45
1015,70.93365,177.2164
1016,6.067984,116.6489
1017,111.9155,95.55475
1018,165.5853,233.9011
1019,142.1417,149.0962
1020,101.8306,199.3066
1021,66.78876,218.4852
1022,139.9758,252.2949
1023,90.47531,288.9733
1024,104.3186,234.8123
1025,95.98953,232.2164
1026,111.2917,216.2249
1027,42.7795,172.0153
1028,77.93858,273.0029
1029,106.2173,255.1965
1030,65.94845,173.809
1031,125.6113,252.9419
1032,84.028,204.5523
1033,115.0378,170.4882
1034,78.53722,216.894
1035,77.00191,193.5679
1036,71.55297,186.2118
1037,115.1784,239.0068
1038,60.00387,167.811
1039,74.51105,219.3582
1040,64.0552,249.5469
1041,84.16724,199.725
1042,48.79054,266.7548
1043,91.92312,170.3281
1044,143.1794,177.7102
1045,156.1996,122.6014
1046,114.3678,200.5668
1047,58.0942,161.714
1048,47.03336,240.4816
1049,120.7317,284.6539
1050,51.65821,253.0302
1051,48.72779,221.039
1052,144.4555,196.1963
1053,134.4982,215.4699
1054,172.5451,212.0126
1055,198.8968,210.0142
1056,48.68644,237.2692
1057,98.11774,216.4169
1058,109.399,172.7527
1059,60.94617,185.9627
1060,95.31306,192.889
1061,113.3906,210.8764
1062,66.5949,214.8141
1063,135.2496,185.499
1064,99.76458,243.5747
1065,54.63598,265.4563
1066,185.5822,179.3685
1067,93.10882,318.469
1068,177.8607,167.4024
1069,124.5461,131.4772
1070,73.719,219.8387
1071,110.4108,212.4219
1072,69.23753,236.3743
1073,77.62033,211.0994
1074,130.7388,204.0991
1075,157.588,229.2657
1076,6.068914,190.4477
1077,134.5494,219.7663
1078,90.22117,237.9339
1079,121.3544,188.2053
1080,106.4107,127.9985
1081,37.93032,201.0056
1082,133.911,216.7928
1083,210.3412,249.2119
1084,81.89736,248.4258
1085,139.8117,160.1548
1086,129.3703,135.4321
1087,102.7021,189.8273
1088,81.84075,118.8538
1089,206.3318,187.888
1090,145.8494,224.0771
1091,157.1067,289.212
1092,91.15356,219.9217
1093,62.09072,169.4216
1094,70.48049,195.9995
1095,104.4932,216.7793
1096,110.6557,146.0989
1097,127.3728,152.8165
1098,160.8757,136.6517
1099,142.2125,246.2535
1100,77.67474,194.668
1101,114.4061,245.8891
1102,97.03225,270.857
1103,125.5715,185.3809
1104,163.8287,196.0878
1105,85.55233,146.0518
1106,83.97246,184.1353
1107,60.13422,245.8246
1108,117.8161,198.6964
1109,120.5475,230.9704
1110,32.9059,259.9216
1111,56.08205,185.9604
1112,28.0487,193.0334
1113,92.47399,246.6793
1114,38.57729,132.0012
1115,183.2965,198.8944
1116,92.16536,227.4281
1117,104.1567,239.5793
1118,90.06807,199.2614
1119,94.18067,69.5134
1120,150.264,162.5286
1121,128.0899,241.8075
1122,103.997,211.1952
1123,86.81242,142.9456
1124,71.79906,251.7486
1125,67.28489,213.281
1126,134.6594,225.3921
1127,75.59679,162.687
1128,109.2007,223.8025
1129,103.3973,170.6568
1130,72.18364,203.8593
1131,75.71227,225.6014
1132,160.81,223.6761
1133,21.38161,143.7174
1134,103.1021,244.3138
1135,111.001,232.5037
1136,91.55311,131.2234
1137,69.37755,139.4623
1138,171.0777,117.9937
1139,52.08852,171.6332
1140,127.6164,248.0357
1141,138.3129,162.0342
1142,98.18463,155.0856
1143,146.1207,247.356
1144,119.1901,218.4907
1145,145.705,194.7896
1146,172.1652,185.5556
1147,51.34575,120.667
1148,138.9039,207.3703
1149,2.510598,206.3442
1150,93.69571,205.4578
1151,94.77644,187.9445
1152,69.63308,185.8007
1153,70.50559,192.2879
1154,134.1567,192.911
1155,126.3625,164.307
1156,141.9309,232.1389
1157,87.95944,238.61
1158,92.43849,240.1165
1159,86.01318,167.5142
1160,119.2463,209.1212
1161,174.7137,216.1634
1162,129.5043,198.8319
1163,80.79156,193.8552
1164,119.2748,212.9871
1165,128.1863,233.5672
1166,81.53572,121.3802
1167,78.28965,213.7595
1168,94.23311,243.1032
1169,133.6805,198.2436
1170,160.2306,182.5851
1171,171.131,195.9296
1172,64.78709,216.255
1173,135.6693,98.11499
1174,110.1709,235.2879
1175,89.27738,188.5187
1176,154.3601,193.8949
1177,112.3223,181.5165
1178,68.4872,133.9654
1179,136.9092,156.1
1180,79.5882,241.5108
1181,22.46791,159.817
1182,74.39352,194.731
1183,151.7071,206.4785
1184,93.62754,174.4871
1185,84.38993,241.6579
1186,85.61763,155.7961
1187,80.17802,226.7781
1188,84.16273,261.1428
1189,60.04818,208.0582
1190,69.22413,208.5448
1191,165.6429,226.2016
1192,84.89865,225.4258
1193,30.64598,132.3722
1194,86.17218,189.2201
1195,33.13207,194.7412
1196,39.20602,253.2274
1197,81.88461,216.5566
1198,86.16007,254.8807
1199,106.9327,165.5989
1200,131.8247,227.1031
1201,53.98345,225.2297
1202,149.3916,186.0575
1203,128.075,220.1121
1204,67.80208,224.5678
1205,51.64468,182.6111
1206,89.64443,282.9725
1207,2.899994,90.94553
1208,125.6475,260.6371
1209,118.5534,204.8977
1210,83.20919,189.5237
1211,35.93334,145.0784
1212,85.27367,206.0287
1213,83.90736,155.8625
1214,109.4299,138.9022
1215,86.66234,210.2606
1216,104.7423,212.1824
1217,57.38757,181.8592
1218,93.76894,178.2234
1219,142.2302,200.21
1220,63.02357,152.9247
1221,202.9449,210.2758
1222,64.08856,147.1356
1223,147.9873,241.59
1224,82.45061,154.5219
1225,31.5703,230.4925
1226,77.86538,331.2317
1227,60.46227,204.1619
1228,31.25442,144.8828
1229,72.12855,168.2796
1230,36.39144,121.7527
1231,86.02326,117.724
1232,129.7708,207.3709
1233,114.1787,142.5407
1234,111.9203,171.3741
1235,153.564,263.7907
1236,58.29433,143.8278
1237,-16.9078,177.576
1238,79.85815,180.7111
1239,53.52686,220.7069
1240,70.2404,224.7425
1241,120.7621,242.5514
1242,109.5286,205.9716
1243,140.9785,200.4649
1244,126.6056,269.0673
1245,66.17387,224.17
1246,79.95854,228.0405
1247,65.48047,145.7548
1248,66.06009,275.3053
1249,154.5477,127.521
1250,89.89391,174.4999
1251,67.49449,162.3523
1252,165.6002,202.7565
1253,128.5625,207.9234
1254,77.91765,144.3465
1255,141.1699,177.593
1256,109.0178,91.5269
1257,165.2651,163.2622
1258,147.018,121.171
1259,59.46473,168.0064
1260,68.31592,208.7435
1261,64.51419,129.2137
1262,86.24072,150.8374
1263,131.9497,185.9502
1264,74.09434,178.0271
1265,78.47992,231.9714
1266,144.8096,196.9192
1267,87.84917,200.28
1268,95.95352,210.4928
1269,77.61642,251.157
1270,106.0247,190.3667
1271,95.16402,225.1595
1272,81.52691,215.6985
1273,73.69148,206.0445
1274,108.5247,181.1176
1275,57.60726,227.4309
1276,72.38451,187.662
1277,84.74472,134.643
1278,50.61282,120.8266
1279,127.0055,230.0577
1280,59.18189,146.3256
1281,112.527,169.5411
1282,153.3571,197.1202
1283,124.0226,183.1562
1284,126.6259,211.7871
1285,87.46961,193.1031
1286,119.4011,196.2599
1287,67.76448,171.5862
1288,163.3436,212.2537
1289,153.888,150.902
1290,142.6842,228.1019
1291,67.92098,254.4183
1292,121.8677,170.7099
1293,137.2805,191.7058
1294,131.5745,233.9828
1295,122.2609,266.3244
1296,175.1479,194.5599
1297,143.6378,219.1842
1298,54.06682,206.5017
1299,112.05,245.1737
1300,95.33377,178.0859
1301,106.4439,199.0695
1302,80.86553,246.2048
1303,96.12753,254.8438
1304,169.399,242.4875
1305,62.2873,216.6303
1306,33.57873,222.0896
1307,164.4047,207.2915
1308,131.9602,179.655
1309,36.02303,213.4274
1310,120.7832,226.5491
1311,79.35262,260.5368
1312,105.7965,149.8997
1313,115.685,231.1546
1314,69.5335,205.7848
1315,101.8722,188.517
1316,171.3088,195.2547
1317,133.2459,184.2514
1318,173.5953,168.4665
1319,178.7651,161.3573
1320,109.8975,243.3513
1321,60.70508,219.1577
1322,125.4429,220.9445
1323,56.65669,205.3888
1324,163.7168,90.00514
1325,119.3197,149.3874
1326,94.04494,212.7303
1327,79.49336,193.9811
1328,150.555,180.975
1329,83.46831,256.9937
1330,30.50317,218.8107
1331,127.9474,162.6035
1332,164.74,207.9795
1333,98.87687,247.2453
1334,67.17188,174.3328
1335,125.6405,260.8961
1336,109.0115,213.2616
1337,146.8129,212.8822
1338,119.3125,180.2309
1339,179.9094,181.1541
1340,118.1241,151.0082
1341,42.07129,218.4286
1342,122.9617,184.3289
1343,98.19998,150.5973
1344,64.69663,290.7965
1345,87.59166,174.4837
1346,134.8751,184.5378
1347,58.65701,213.3821
1348,60.31748,258.2364
1349,43.35533,192.1314
1350,154.0722,232.622
1351,98.69407,263.2024
1352,102.0378,175.6533
1353,96.74342,211.5909
1354,64.15598,185.1883
1355,40.04474,154.4634
1356,126.0571,221.3672
1357,126.444,126.8231
1358,66.15329,299.8163
1359,59.06789,199.3955
1360,126.7463,200.5867
1361,114.1813,94.57432
1362,62.43343,170.0639
1363,42.54733,94.76313
1364,78.35269,157.42
1365,178.4306,214.6812
1366,23.88191,242.4533
1367,144.0173,208.7836
1368,84.92977,274.4483
1369,103.0247,204.9566
1370,95.44412,231.9405
1371,65.86648,188.8092
1372,5.410381,206.8959
1373,139.6017,141.2961
1374,115.9938,187.1124
1375,80.45548,156.4226
1376,107.7084,163.0724
1377,152.864,237.8298
1378,146.4285,257.5042
1379,134.7021,251.5228
1380,123.107,258.1227
1381,102.2962,196.6374
1382,117.9094,214.0858
1383,83.97971,178.3449
1384,124.9283,225.234
1385,119.025,224.6392
1386,87.36094,211.8652
1387,59.16426,198.3425
1388,116.2734,227.2044
1389,119.8836,125.051
1390,119.1208,154.1843
1391,138.187,265.0033
1392,72.905,143.6357
1393,143.1781,207.2404
1394,165.2543,223.6545
1395,77.25189,247.067
1396,71.15967,263.7746
1397,114.427,184.4546
1398,57.18584,141.575
1399,125.8716,233.0657
1400,96.08847,185.0506
1401,113.1298,174.5189
1402,5.636952,185.1807
1403,161.3476,172.38
1404,123.6339,228.7553
1405,60.5042,252.4192
1406,34.82801,197.2512
1407,105.4156,224.4912
1408,142.7466,117.4304
1409,61.63567,205.3248
1410,119.0633,135.6008
1411,120.0887,138.5574
1412,113.2864,258.9353
1413,158.6788,200.7138
1414,43.04227,220.7402
1415,77.76928,257.1018
1416,46.01173,286.2747
1417,169.0554,147.0245
1418,94.02238,172.0593
1419,92.78717,222.7079
1420,138.7371,191.0018
1421,97.67619,246.152
1422,113.8499,130.5966
1423,107.2641,183.6121
1424,162.6479,173.5769
1425,117.1769,247.8054
1426,77.11629,258.5989
1427,143.2474,246.8028
1428,88.73045,196.3576
1429,101.8886,166.2337
1430,35.83101,185.7277
1431,120.4701,233.4682
1432,142.8143,196.4097
1433,53.01777,236.4318
1434,115.8385,159.1784
1435,57.91052,214.7793
1436,82.93381,217.9708
1437,64.97488,205.3351
1438,88.77806,169.5933
1439,114.287,201.2421
1440,66.15889,133.4293
1441,100.2859,179.2952
1442,108.4994,224.1491
1443,75.77764,239.6072
1444,50.17459,201.4575
1445,125.7791,128.8154
1446,130.7252,187.489
1447,156.349,161.8179
1448,47.23193,207.1852
1449,32.35379,159.8205
1450,97.71112,254.9067
1451,81.26787,267.02
1452,149.6284,191.126
1453,113.2396,266.6549
1454,100.6627,209.7709
1455,82.31532,191.5243
1456,24.06848,246.2337
1457,114.5297,188.6988
1458,160.3496,173.1395
1459,125.0431,187.6336
1460,159.892,178.7489
1461,136.6066,149.1962
1462,144.9662,228.6453
1463,97.37969,190.0393
1464,152.0276,220.2935
1465,106.0867,230.0847
1466,106.0608,155.2592
1467,66.90638,175.3331
1468,49.30498,213.9382
1469,131.1798,158.0502
1470,64.87975,197.2542
1471,117.106,216.1064
1472,131.9165,190.1853
1473,28.2274,275.8076
1474,29.10296,211.4537
1475,62.5357,315.0243
1476,84.62397,206.8675
1477,63.86218,209.5402
1478,134.6185,208.0199
1479,78.28653,192.6557
1480,69.23123,271.063
1481,65.4048,172.1037
1482,102.521,241.5811
1483,99.41543,199.0486
1484,88.59698,182.9696
1485,134.8898,265.4024
1486,29.36955,176.5115
1487,120.2575,193.4562
1488,86.3462,256.4455
1489,77.54504,214.0587
1490,127.4196,215.1982
1491,105.5243,167.1142
1492,106.1043,211.3529
1493,113.9391,230.1337
1494,128.6385,195.9332
1495,128.7169,216.1027
1496,88.07244,149.7216
1497,38.51503,265.8979
1498,103.1363,193.7174
1499,73.89155,221.9495
1500,162.7323,176.4
1501,110.5317,196.6137
1502,110.8734,240.2128
1503,113.4618,191.0819
1504,88.61198,152.6896
1505,28.43236,183.0428
1506,63.07292,207.0966
1507,151.8256,203.3716
1508,34.89217,207.5093
1509,134.8642,201.2897
1510,85.73896,184.8439
1511,148.1259,181.3563
1512,136.3789,209.9701
1513,95.374,148.3746
1514,122.2067,192.1614
1515,122.6938,217.0435
1516,84.29751,169.7196
1517,145.1931,181.7915
1518,50.77558,177.1398
1519,122.8037,135.4752
1520,46.88727,174.2789
1521,83.56251,226.496
1522,183.0868,200.458
1523,44.13619,151.3986
1524,136.1092,269.1456
1525,63.40539,204.4073
1526,65.54614,181.3424
1527,59.33466,197.6451
1528,60.18753,205.2514
1529,148.4639,155.524
1530,6.843058,178.5457
1531,138.0777,184.1941
1532,131.974,173.6411
1533,61.90893,158.2253
1534,183.0742,234.352
1535,116.0539,228.2375
1536,165.0593,200.6443
1537,116.4365,148.33
1538,117.7339,250.1415
1539,84.1645,223.8294
1540,129.7838,208.2879
1541,153.6953,233.7974
1542,204.004,129.6654
1543,96.20436,122.3266
1544,179.8977,199.8541
1545,118.6562,192.7496
1546,119.1723,232.0378
1547,-25.3226,205.3698
1548,52.57688,184.5287
1549,117.2702,219.4002
1550,68.06224,296.6904
1551,90.35802,146.3693
1552,157.215,213.352
1553,84.0041,196.6046
1554,110.9731,195.9269
1555,171.2598,208.6122
1556,57.77501,287.2281
1557,76.58813,211.0183
1558,99.08245,159.3238
1559,109.8093,228.9365
1560,64.30775,166.17
1561,19.36718,248.1662
1562,46.27528,171.6844
1563,67.79342,236.0227
1564,154.7497,214.5677
1565,180.8906,204.4169
1566,90.39273,177.4655
1567,135.4539,238.3096
1568,19.39109,139.3503
1569,60.43103,162.1351
1570,111.9826,188.8076
1571,134.6205,289.0974
1572,150.9916,99.82028
1573,125.7064,233.612
1574,84.10771,180.9385
1575,76.7558,173.8019
1576,91.1878,206.9356
1577,71.5319,182.7102
1578,80.92434,125.1269
1579,43.62702,253.1638
1580,129.5476,214.265
1581,119.9287,185.0672
1582,141.9744,190.6956
1583,75.78041,159.8648
1584,47.67514,199.9894
1585,61.49741,169.3915
1586,60.02023,221.0882
1587,114.2647,173.6964
1588,89.06087,151.9172
1589,108.466,195.4862
1590,146.7395,182.4117
1591,41.87404,187.0167
1592,89.83498,233.6632
1593,104.672,213.4285
1594,58.41374,237.8393
1595,50.47712,123.5683
1596,153.7817,140.9738
1597,133.5983,204.753
1598,140.8352,281.7999
1599,61.28068,232.3956
1600,111.0243,273.7468
1601,133.3274,245.5327
1602,40.50613,143.8736
1603,54.08,255.3601
1604,50.43932,234.5994
1605,146.5895,175.0951
1606,79.61459,200.8348
1607,56.36831,103.8201
1608,137.9512,192.9348
1609,129.0688,218.7078
1610,89.08232,218.496
1611,111.1944,128.9019
1612,77.89305,184.7759
1613,142.582,199.6767
1614,72.16178,172.0134
1615,96.91585,159.862
1616,86.25818,212.364
1617,178.0854,225.8019
1618,58.01218,114.972
1619,37.75001,183.9349
1620,127.7337,136.3875
1621,128.4909,253.6797
1622,102.2759,290.9148
1623,159.8488,185.2085
1624,165.5401,188.9351
1625,129.5796,260.5302
1626,141.726,206.174
1627,36.46389,171.7392
1628,90.51053,206.4436
1629,135.7543,194.8629
1630,47.73355,230.5902
1631,151.877,161.4756
1632,163.6404,212.5759
1633,113.5877,213.8063
1634,125.4224,180.2305
1635,44.938,112.7772
1636,56.05494,221.5647
1637,78.0453,185.2282
1638,137.6699,241.0257
1639,113.3826,223.5449
1640,46.92301,209.3236
1641,109.5603,229.8816
1642,149.7859,230.1705
1643,110.1917,216.5073
1644,115.9335,197.8841
1645,100.9008,200.4144
1646,63.03594,285.2017
1647,90.23064,137.1278
1648,84.39143,238.8275
1649,126.533,238.6134
1650,138.8423,231.4566
1651,119.9774,197.6059
1652,139.012,197.2255
1653,168.904,182.8109
1654,50.11528,188.273
1655,79.28876,228.9525
1656,79.25808,194.4778
1657,91.06516,254.0899
1658,66.96304,202.819
1659,192.8555,210.6038
1660,51.33644,194.7234
1661,145.5522,239.687
1662,97.94481,235.6067
1663,137.9501,183.1874
1664,112.9563,269.2599
1665,105.2234,191.9316
1666,80.58316,239.7446
1667,67.61401,208.8777
1668,66.58709,267.5452
1669,117.118,188.3535
1670,35.58398,217.1113
1671,144.1165,212.0008
1672,97.49346,270.1741
1673,131.6792,194.8049
1674,22.74436,250.995
1675,65.28548,208.3441
1676,129.0458,196.3686
1677,128.2395,127.8548
1678,132.1728,205.1136
1679,98.50957,227.6375
1680,43.84668,255.4607
1681,41.46579,197.474
1682,25.53427,198.9241
1683,76.63499,222.6352
1684,167.8421,205.3908
1685,73.3374,201.4388
1686,160.0886,196.6885
1687,74.02133,175.9212
1688,41.19667,165.2935
1689,101.843,182.3327
1690,64.30043,246.7029
1691,102.277,203.4418
1692,105.1154,249.6373
1693,122.5691,154.4929
1694,54.51686,181.6229
1695,63.35297,183.6568
1696,162.0842,176.6301
1697,128.8057,141.9268
1698,79.66282,157.9004
1699,71.39077,237.9031
1700,87.37376,161.2802
1701,82.52564,118.6761
1702,104.3463,200.6784
1703,133.3655,127.9312
1704,30.75371,198.4876
1705,11.89189,206.8585
1706,155.7655,267.6209
1707,118.6967,157.1633
1708,102.9453,149.055
1709,104.7103,198.0975
1710,99.5166,166.2733
1711,40.69137,192.2931
1712,58.82954,275.9421
1713,68.92604,185.3586
1714,125.6269,229.0241
1715,94.05762,223.7728
1716,62.48719,189.5434
1717,153.0042,197.8116
1718,170.8219,274.3676
1719,95.87641,196.6197
1720,54.08636,133.4118
1721,113.1592,184.1005
1722,46.39456,217.5813
1723,192.6864,110.2971
1724,157.078,153.3145
1725,90.7132,156.7971
1726,84.14833,194.6355
1727,159.4242,142.9478
1728,50.76163,243.4824
1729,50.62621,142.8331
1730,144.1553,227.9069
1731,81.47076,266.5539
1732,112.6732,221.7852
1733,205.009,224.296
1734,123.4735,247.9951
1735,56.89441,230.8488
1736,47.4593,113.1825
1737,75.26437,103.4294
1738,128.6804,228.1034
1739,65.06004,164.8281
1740,61.68904,165.545
1741,95.37116,244.9942
1742,53.39591,201.3397
1743,88.9578,202.2939
1744,158.1475,166.9817
1745,132.4516,168.7167
1746,133.7383,119.326
1747,103.3707,171.1288
1748,143.9247,174.6804
1749,189.6761,156.2675
1750,163.8809,195.7283
1751,60.4294,181.3204
1752,71.63344,147.1118
1753,128.0886,216.4504
1754,79.45013,203.777
1755,98.06578,235.1281
1756,88.63527,178.1818
1757,137.7394,172.0068
1758,56.5137,186.3487
1759,109.4822,90.04029
1760,51.48087,179.3362
1761,107.5495,172.912
1762,97.72406,172.5564
1763,108.0117,179.6436
1764,91.84813,287.6293
1765,63.07456,200.9832
1766,40.8528,237.1981
1767,66.65845,213.5529
1768,105.9977,137.7689
1769,170.1033,233.0616
1770,116.3697,214.5855
1771,133.9234,227.1458
1772,111.2933,243.6805
1773,104.8341,258.4375
1774,79.88301,209.7381
1775,109.8301,217.1865
1776,39.58428,266.7171
1777,60.57682,115.5407
1778,113.803,233.0944
1779,31.65346,235.6306
1780,121.3239,246.9525
1781,14.87362,203.1157
1782,152.8359,196.1758
1783,153.1974,213.2457
1784,-11.7499,292.4894
1785,119.4597,162.6429
1786,128.823,161.1552
1787,76.37497,242.8678
1788,148.756,230.1841
1789,143.8422,256.8354
1790,115.3319,219.7453
1791,72.52674,229.4332
1792,84.09991,145.3978
1793,85.95581,212.5151
1794,51.15878,199.8489
1795,95.80162,174.0657
1796,88.82775,164.2431
1797,98.19557,170.3573
1798,82.23853,141.9241
1799,59.21655,183.6629
1800,146.3661,194.8096
1801,55.17297,269.2504
1802,155.5736,228.0649
1803,92.52719,256.3347
1804,60.57713,172.3126
1805,141.178,193.0883
1806,155.6593,154.012
1807,117.3583,145.6464
1808,141.1541,172.0145
1809,95.19375,210.6551
1810,182.6757,238.7546
1811,65.41581,182.9923
1812,67.25377,72.01149
1813,100.4591,216.8517
1814,113.7559,144.1939
1815,51.40548,196.5582
1816,-1.1221,159.349
1817,101.7479,131.2592
1818,61.29176,181.2438
1819,51.02943,205.1397
1820,164.0017,237.7612
1821,173.5801,208.1408
1822,126.3603,194.642
1823,119.4354,193.1943
1824,81.57654,184.7283
1825,55.11501,167.53
1826,157.5934,170.1523
1827,132.649,205.554
1828,84.53324,175.7899
1829,85.82144,237.6858
1830,-10.801,158.6105
1831,86.94625,186.1282
1832,138.8696,164.5913
1833,132.2294,219.7107
1834,38.4833,188.9868
1835,136.8226,213.1058
1836,70.9526,269.528
1837,64.84234,147.8355
1838,68.01801,140.3101
1839,83.56761,258.7066
1840,112.4218,221.8752
1841,105.0837,203.8007
1842,92.13234,153.4557
1843,77.0662,162.9325
1844,141.413,198.125
1845,150.7178,200.8551
1846,37.02668,196.6092
1847,103.5565,200.2646
1848,153.9928,129.6012
1849,71.51022,172.8108
1850,142.8117,174.2985
1851,134.0268,200.1232
1852,170.6433,261.2118
1853,166.1135,256.9256
1854,126.0418,249.4599
1855,107.3223,175.4434
1856,52.29495,217.6185
1857,134.5399,228.188
1858,35.02677,233.7151
1859,102.0217,204.5436
1860,150.3886,185.0882
1861,15.25884,145.9286
1862,76.71794,181.0158
1863,154.7772,92.90818
1864,63.02081,180.1142
1865,67.4237,202.2692
1866,104.3482,154.1974
1867,112.1792,175.785
1868,139.7118,259.5426
1869,123.029,201.0952
1870,43.25859,173.478
1871,57.74724,222.8019
1872,128.9758,149.4977
1873,131.3469,179.2844
1874,46.32653,193.1292
1875,59.55683,228.664
1876,96.76974,262.4452
1877,56.96672,245.4686
1878,121.648,183.1607
1879,89.37895,253.0876
1880,149.3023,158.5868
1881,45.84869,188.9348
1882,123.513,112.3641
1883,55.2817,320.3325
1884,93.25943,269.4844
1885,110.5035,203.8983
1886,113.0425,168.926
1887,26.60554,216.7305
1888,26.14104,200.3439
1889,126.8056,162.6246
1890,117.8085,221.5262
1891,77.65101,250.7782
1892,127.64,174.0239
1893,51.92442,208.0083
1894,56.87297,168.0903
1895,69.18762,193.0516
1896,49.53429,206.8014
1897,101.8732,133.3965
1898,93.65163,302.5622
1899,90.91518,132.8778
1900,121.2568,193.7019
1901,194.4416,247.0337
1902,47.53767,229.1272
1903,114.4014,230.3259
1904,126.4894,266.6748
1905,169.7478,219.5623
1906,113.2368,201.5972
1907,134.1557,274.8229
1908,100.6903,257.3263
1909,95.4567,209.1078
1910,19.57719,149.0808
1911,99.2517,110.6846
1912,79.46973,196.2457
1913,94.22115,204.5129
1914,53.73185,165.3568
1915,129.5842,143.8512
1916,57.05733,168.2162
1917,136.3372,180.379
1918,85.71027,179.1694
1919,71.32816,256.4942
1920,46.56365,165.7965
1921,118.8811,224.3229
1922,85.82428,168.3071
1923,85.71697,206.6075
1924,27.23877,182.8399
1925,95.68551,112.4101
1926,200.8389,202.1331
1927,130.4343,164.0255
1928,125.7854,201.2561
1929,119.9412,172.2158
1930,178.7787,199.519
1931,103.8894,207.1353
1932,109.527,210.9718
1933,62.37646,180.564
1934,130.1996,171.1728
1935,177.9928,199.7894
1936,31.76332,184.406
1937,153.413,228.2108
1938,78.75828,165.2976
1939,100.9388,247.3538
1940,138.4856,171.9704
1941,114.0324,186.3019
1942,95.92061,235.089
1943,74.19243,167.5271
1944,59.81549,239.5431
1945,48.51518,221.0319
1946,60.71366,200.2676
1947,113.4578,162.3904
1948,115.069,240.8767
1949,157.6051,173.1701
1950,124.107,222.6636
1951,111.7717,168.2134
1952,114.3673,294.9079
1953,118.4017,147.9268
1954,123.1008,209.4274
1955,38.74962,134.5133
1956,153.9746,177.5616
1957,54.45187,208.8741
1958,100.2151,183.717
1959,163.5478,182.3193
1960,110.0355,207.3557
1961,82.76123,238.6793
1962,72.37817,171.2105
1963,69.22647,147.2695
1964,51.69629,151.9336
1965,118.7343,195.9856
1966,39.00609,237.5052
1967,55.74685,223.9297
1968,162.3687,226.8792
1969,106.3101,234.9679
1970,179.5998,248.9131
1971,107.3943,224.0774
1972,113.3687,191.1573
1973,91.66122,211.184
1974,81.37068,222.1147
1975,126.3221,150.1424
1976,75.08351,223.7147
1977,59.71274,253.821
1978,174.4729,168.346
1979,111.5679,192.0103
1980,100.0222,196.0796
1981,28.22991,189.0053
1982,27.40048,221.0633
1983,94.16904,243.2989
1984,83.88483,197.9786
1985,150.5923,136.6139
1986,65.70244,175.9289
1987,76.5029,250.7953
1988,143.4668,163.9766
1989,87.84012,156.9651
1990,57.20688,191.5834
1991,136.9873,266.3754
1992,198.9347,238.6708
1993,72.68431,193.8658
1994,126.4461,241.8612
1995,115.0627,193.6836
1996,141.6265,232.5923
1997,120.1273,169.859
1998,47.74848,208.453
1999,98.52921,211.3665
2000,83.67445,152.7071
2001,137.1545,201.4679
2002,82.10732,222.0597
2003,82.22672,165.0833
2004,117.4465,196.7674
2005,175.4316,199.1121
2006,113.6965,179.9682
2007,91.10634,213.8036
2008,117.9919,173.5757
2009,100.4659,228.7412
2010,156.1242,128.5861
2011,182.1756,171.9643
2012,124.4967,173.5326
2013,77.78473,145.0124
2014,173.4895,237.8984
2015,128.2224,189.2769
2016,78.62987,235.6552
2017,165.9184,189.8641
2018,123.0291,123.4403
2019,79.96257,193.8971
2020,84.0838,195.3943
2021,93.23806,188.4375
2022,90.87839,275.2503
2023,59.7454,221.3826
2024,164.0575,202.4676
2025,47.3117,216.9353
2026,102.1415,152.8392
2027,96.4813,145.6396
2028,74.80231,268.9771
2029,73.81194,234.7887
2030,148.5649,201.4401
2031,104.1844,208.5523
2032,82.27181,205.2401
2033,103.298,179.3249
2034,41.29263,205.98
2035,160.1078,178.9044
2036,106.2075,179.4558
2037,22.68601,171.4843
2038,89.3803,258.3575
2039,75.88896,172.1189
2040,60.12355,170.9749
2041,24.98614,127.8161
2042,99.77908,285.051
2043,129.5315,157.8872
2044,108.8518,162.1362
2045,141.9711,221.1235
2046,55.53534,276.7964
2047,174.6916,116.157
2048,154.3421,206.4817
2049,93.80775,191.8548
2050,68.68923,235.231
2051,95.78243,197.4778
2052,69.53202,173.0306
2053,103.8962,238.4836
2054,99.81288,174.342
2055,124.7283,195.4792
2056,78.72136,151.0605
2057,168.4948,208.2591
2058,163.4295,161.9486
2059,134.7726,212.9502
2060,150.7447,207.632
2061,133.2017,155.5127
2062,108.8214,107.278
2063,116.099,165.2124
2064,107.5817,203.3273
2065,154.0119,197.3031
2066,86.74666,215.7537
2067,48.05271,239.2659
2068,97.36958,164.1411
2069,26.62388,213.5442
2070,151.4805,222.4127
2071,51.13692,184.3779
2072,189.3963,271.1136
2073,127.8598,188.3543
2074,70.11177,147.2927
2075,126.0243,229.5241
2076,164.7234,138.4823
2077,119.9502,201.1002
2078,113.8049,246.2113
2079,70.39965,205.0341
2080,69.09222,93.58488
2081,104.5764,111.5857
2082,161.4012,180.1945
2083,126.8127,193.9764
2084,127.6021,168.2332
2085,100.2528,249.0657
2086,159.4191,226.4431
2087,14.70311,239.5286
2088,122.0579,216.516
2089,53.6517,189.2812
2090,87.08179,286.77
2091,105.6405,178.2202
2092,92.35999,195.5265
2093,138.0084,146.4288
2094,155.5901,210.7547
2095,162.3973,218.8852
2096,143.5678,222.7382
2097,159.4128,162.6297
2098,82.6865,174.6118
2099,50.95065,201.2243
2100,143.421,201.9837
2101,146.1021,140.5646
2102,49.92609,222.349
2103,125.7726,181.4014
2104,104.4042,200.3059
2105,91.53138,213.0906
2106,103.1661,178.033
2107,97.60303,251.5695
2108,157.1995,155.7594
2109,73.87499,187.33
2110,138.5697,154.964
2111,73.34562,169.8303
2112,72.59513,118.3673
2113,118.6331,186.6732
2114,92.72382,185.3667
2115,78.44681,229.7026
2116,127.3537,164.4375
2117,73.73495,237.6157
2118,158.2837,167.9048
2119,152.1545,218.2748
2120,106.1771,125.2092
2121,53.05487,212.5589
2122,75.9041,176.8587
2123,89.96234,248.7974
2124,30.79405,163.5597
2125,142.2912,290.0379
2126,58.21354,107.8266
2127,62.33604,232.5077
2128,106.066,241.5804
2129,136.0312,228.8195
2130,148.3173,169.5619
2131,158.4581,171.2662
2132,189.0691,192.9575
2133,122.1074,208.8811
2134,54.30118,196.2236
2135,96.91012,127.8133
2136,116.1162,192.7517
2137,83.80296,167.6406
2138,132.6771,195.4783
2139,125.4713,134.6944
2140,108.8915,294.7277
2141,38.0656,201.6121
2142,165.077,143.2929
2143,166.6135,200.5084
2144,68.80247,274.5268
2145,72.77095,187.359
2146,65.30821,191.7374
2147,120.8676,208.2451
2148,51.9401,234.7526
2149,112.9663,199.9802
2150,38.43804,193.5705
2151,112.5072,201.9935
2152,46.78409,283.0617
2153,155.0759,198.6839
2154,58.25829,267.1994
2155,105.8197,215.2854
2156,103.6518,190.0069
2157,51.7712,234.5749
2158,152.5257,239.2403
2159,53.72053,139.3532
2160,99.89698,181.6574
2161,118.7604,215.0446
2162,111.142,210.9292
2163,148.0308,194.3775
2164,151.2213,179.5728
2165,118.3659,209.8059
2166,113.2043,171.2954
2167,90.66002,212.2662
2168,99.83114,193.2819
2169,106.7562,191.3458
2170,94.75281,209.7613
2171,143.5954,162.0505
2172,83.63018,139.9289
2173,83.36353,304.9067
2174,139.1374,202.8874
2175,22.91233,205.9533
2176,138.8819,133.3903
2177,67.53293,207.5181
2178,113.4426,184.369
2179,50.11955,210.6757
2180,120.7073,219.7405
2181,101.0495,241.8016
2182,113.9273,183.694
2183,129.2719,212.4399
2184,81.815,239.6046
2185,18.73742,219.4425
2186,96.86442,199.4101
2187,104.5819,209.5533
2188,95.85849,209.9841
2189,113.455,210.5709
2190,99.13111,121.8025
2191,146.9221,211.567
2192,82.96416,200.8196
2193,83.95217,179.3628
2194,91.60692,260.7252
2195,177.2302,220.1329
2196,101.5539,234.5409
2197,71.47994,202.1734
2198,105.9444,205.8891
2199,187.421,158.6358
2200,89.1937,112.174
2201,87.75115,206.8805
2202,98.65,209.2114
2203,174.3565,214.0521
2204,51.60494,168.939
2205,153.3654,112.5785
2206,67.85157,192.7718
2207,-4.13778,177.9528
2208,60.6591,310.8893
2209,162.4021,228.9626
2210,208.4558,264.3882
2211,129.3781,221.8578
2212,59.29957,173.2034
2213,53.50818,222.0362
2214,119.4748,212.647
2215,84.78547,228.4325
2216,146.3207,236.1527
2217,74.79483,237.0785
2218,119.7759,250.1383
2219,98.21816,192.3951
2220,103.9162,278.3878
2221,103.5998,175.3711
2222,94.8614,263.2059
2223,31.26129,229.1548
2224,131.6997,246.4408
2225,100.7631,217.8405
2226,76.84093,270.5471
2227,171.7981,219.2583
2228,123.6038,220.7049
2229,62.64913,229.8778
2230,96.98865,237.16
2231,113.2016,197.1616
2232,73.37829,233.0288
2233,84.55217,200.4117
2234,126.956,186.373
2235,105.1785,223.3271
2236,83.35952,144.6674
2237,78.68491,167.328
2238,95.84985,121.4096
2239,27.60179,212.1264
2240,181.0085,153.0317
2241,78.3988,222.9498
2242,140.7819,185.5019
2243,81.37982,307.3293
2244,121.6417,183.7487
2245,72.55415,173.7805
2246,54.75813,227.2099
2247,185.0402,224.3416
2248,76.31445,266.2399
2249,82.02625,167.8355
2250,90.47297,129.7258
2251,90.00163,171.448
2252,88.87068,225.3646
2253,125.9703,149.3601
2254,48.46343,241.0837
2255,118.4205,141.8073
2256,81.06444,185.0062
2257,87.36669,181.0646
2258,144.5428,202.1279
2259,93.80308,214.9282
2260,124.5924,239.9374
2261,71.15437,204.3036
2262,109.5534,227.4181
2263,109.4849,178.8405
2264,85.91788,245.3881
2265,97.13496,192.0103
2266,83.2002,213.4362
2267,103.8636,143.3411
2268,63.08633,164.1954
2269,71.2614,84.12875
2270,115.8254,225.8015
2271,127.2502,132.6424
2272,48.55976,262.363
2273,84.82377,221.059
2274,64.99455,261.3519
2275,91.89701,154.2074
2276,47.40072,141.3695
2277,47.9219,249.1009
2278,94.7114,160.6987
2279,118.0558,260.7704
2280,102.5505,167.2952
2281,11.45105,205.5065
2282,83.97423,290.1567
2283,132.3416,131.9333
2284,145.8789,231.5245
2285,30.48079,224.2667
2286,131.1962,224.5971
2287,85.89743,263.7705
2288,152.7983,176.1288
2289,94.6964,186.8967
2290,79.33516,223.3087
2291,124.3826,198.0606
2292,95.95966,208.2104
2293,94.04386,101.5379
2294,73.63727,185.9749
2295,135.8014,208.6146
2296,77.19922,198.3993
2297,125.6383,222.5006
2298,51.08845,329.9951
2299,130.2189,238.4292
2300,133.1474,183.4865
2301,24.09876,161.9273
2302,77.29241,187.4822
2303,96.54723,234.1095
2304,48.52454,185.2448
2305,77.00394,195.9707
2306,54.44949,247.8582
2307,71.19528,282.2666
2308,102.4366,268.0215
2309,113.7578,280.4472
2310,129.8779,226.4118
2311,107.2976,198.4481
2312,53.56096,182.4944
2313,170.3227,171.6387
2314,46.89812,214.2576
2315,133.3227,237.8189
2316,96.95538,197.3972
2317,76.7634,200.5266
2318,111.6317,207.8098
2319,95.81044,196.8432
2320,161.1206,200.8255
2321,120.5979,186.6258
2322,106.4873,224.6686
2323,142.4665,195.4014
2324,107.2775,185.6818
2325,194.1165,197.3536
2326,50.41719,170.2314
2327,25.28083,165.612
2328,50.84935,244.7465
2329,184.8893,185.8836
2330,52.82431,158.4419
2331,60.21229,214.9837
2332,38.37573,158.2131
2333,88.38018,266.4097
2334,129.1459,228.9421
2335,86.49885,181.2062
2336,87.95898,203.6245
2337,119.9769,234.1786
2338,95.43602,250.3254
2339,114.4815,211.9899
2340,50.55856,213.5596
2341,132.3023,213.0831
2342,123.4531,135.0698
2343,68.25897,181.5119
2344,180.7839,225.7836
2345,168.6746,276.9395
2346,74.51514,210.6908
2347,171.6332,168.7333
2348,117.7856,191.3982
2349,168.5485,159.4639
2350,60.98474,166.6482
2351,148.1759,162.8513
2352,142.0331,185.9093
2353,118.1136,203.5518
2354,162.902,280.6336
2355,68.27205,195.4036
2356,166.0091,166.4298
2357,63.67023,285.4318
2358,125.6672,195.8358
2359,147.5626,241.9516
2360,121.61,114.3026
2361,115.1556,211.8439
2362,164.3137,158.2317
2363,124.7442,209.9559
2364,85.30813,219.8666
2365,60.99705,187.6133
2366,48.19908,129.1292
2367,85.77445,205.358
2368,130.7863,228.8188
2369,27.13104,210.7421
2370,120.5266,186.7111
2371,148.6481,174.343
2372,114.9803,225.8295
2373,165.8332,132.2743
2374,121.9772,174.7182
2375,132.7321,215.7911
2376,77.45992,199.622
2377,4.254977,163.2784
2378,48.52613,214.5034
2379,107.9846,149.1211
2380,61.45971,153.9744
2381,131.8456,217.5423
2382,165.0358,195.3348
2383,106.0467,230.9103
2384,93.73411,258.3143
2385,106.4209,240.6193
2386,106.6867,182.5483
2387,103.2977,218.3528
2388,129.3371,177.2172
2389,95.94258,139.0424
2390,89.5569,221.5302
2391,138.4575,258.7003
2392,146.7125,170.6394
2393,122.3875,232.8593
2394,88.23411,208.2399
2395,71.32693,166.6409
2396,141.5271,197.0632
2397,48.7451,220.4139
2398,98.41565,188.4705
2399,122.5696,276.2461
2400,29.72981,299.9578
2401,30.06208,200.2396
2402,118.4316,162.5983
2403,144.6396,172.2505
2404,77.7616,155.7041
2405,152.6876,175.428
2406,101.5896,184.5942
2407,135.5255,164.3935
2408,61.4383,160.6714
2409,108.0313,228.945
2410,145.7428,231.9368
2411,167.6739,113.3743
2412,96.8942,265.9214
2413,92.75041,238.7699
2414,14.93575,163.6709
2415,80.8233,136.0648
2416,40.46254,192.186
2417,130.775,176.5128
2418,118.7368,236.1167
2419,91.42391,257.6452
2420,37.88502,203.6642
2421,118.6661,264.6243
2422,167.0806,158.0899
2423,87.52542,174.5161
2424,53.8493,223.2889
2425,118.7514,224.2468
2426,102.7178,182.7193
2427,91.94347,141.8361
2428,140.3953,147.5044
2429,157.906,187.4214
2430,47.255,223.8347
2431,99.73471,265.1434
2432,147.6937,139.2235
2433,166.8418,147.4504
2434,74.93574,206.97
2435,43.46292,183.9177
2436,64.54044,135.4057
2437,90.96021,254.677
2438,164.8247,147.0066
2439,159.6521,171.2498
2440,85.74313,187.7388
2441,156.0968,190.411
2442,76.93085,251.5816
2443,114.0741,277.4018
2444,154.4355,137.3372
2445,94.74335,148.0334
2446,137.9225,196.8781
2447,142.8207,208.5489
2448,124.8593,184.1171
2449,167.7985,209.9044
2450,98.42675,189.5401
2451,102.2654,225.6404
2452,239.3029,137.6184
2453,46.79364,191.2862
2454,114.6134,164.2016
2455,87.18414,179.9852
2456,125.6873,214.4765
2457,78.7505,238.4416
2458,69.08169,180.8615
2459,136.2494,179.6718
2460,135.6323,187.9307
2461,127.7044,198.3621
2462,149.074,167.6526
2463,71.02026,169.7695
2464,89.1266,238.5474
2465,185.8514,214.612
2466,98.70347,190.9847
2467,43.49137,242.1119
2468,98.46749,217.3158
2469,144.7978,266.6731
2470,95.41411,191.5014
2471,167.0011,170.4528
2472,140.9679,203.4319
2473,81.92832,199.0245
2474,194.9115,253.842
2475,121.376,207.5427
2476,80.2697,216.5934
2477,130.3187,153.9282
2478,48.02125,198.3288
2479,93.22464,183.7102
2480,107.1336,141.4543
2481,131.4844,209.8927
2482,92.46726,148.5174
2483,145.4875,253.3001
2484,74.32203,163.003
2485,85.71771,260.0679
2486,92.20368,251.0104
2487,160.3574,173.2833
2488,204.1847,166.5196
2489,106.9696,156.3601
2490,65.22765,186.0676
2491,148.3416,225.1399
2492,170.8177,150.8902
2493,97.61092,258.7406
2494,76.52447,145.2243
2495,85.48654,195.3443
2496,124.0127,214.7145
2497,51.52235,227.5083
2498,140.3796,194.2996
2499,136.9116,268.4267
2500,82.1677,189.4017
2501,87.3075,243.8846
2502,107.9693,206.3743
2503,153.8542,223.7637
2504,67.61523,136.2136
2505,78.9605,193.1119
2506,127.5057,199.3094
2507,15.16289,232.5393
2508,125.6241,166.3538
2509,49.69388,323.4522
2510,172.3765,251.7564
2511,138.5931,215.9114
2512,64.27991,232.4172
2513,16.62837,226.9927
2514,98.94933,193.9822
2515,65.47232,123.3809
2516,121.0994,146.4372
2517,119.2308,187.6325
2518,91.74093,188.1425
2519,152.8851,175.5386
2520,51.9437,192.6439
2521,176.6935,209.9864
2522,123.8706,163.8809
2523,104.5093,209.8812
2524,167.2169,157.5003
2525,74.48285,259.5206
2526,81.53592,262.406
2527,74.76382,172.8509
2528,92.46593,240.6938
2529,74.89488,264.8183
2530,45.1822,211.022
2531,61.93887,179.7046
2532,107.7342,187.2851
2533,46.80047,168.7375
2534,143.139,215.6585
2535,130.174,179.4352
2536,106.7572,255.917
2537,86.70096,199.2874
2538,133.5412,174.0981
2539,81.63975,196.5258
2540,122.5965,196.4453
2541,-10.6897,99.28183
2542,80.09787,173.5639
2543,78.70044,230.4421
2544,113.9984,234.7486
2545,45.29019,232.6588
2546,150.8976,158.735
2547,110.9224,190.0883
2548,92.80692,204.0171
2549,59.03363,205.2979
2550,116.9209,195.8675
2551,102.6654,236.1054
2552,157.4171,142.5672
2553,93.14347,213.3005
2554,173.2116,271.7359
2555,131.7434,203.9249
2556,67.00213,194.3113
2557,90.42448,198.6185
2558,117.3854,174.1512
2559,113.9239,178.4874
2560,120.3418,205.4607
2561,81.31793,232.3505
2562,213.2873,215.6339
2563,173.6919,163.1322
2564,72.38355,160.0732
2565,98.41397,165.1563
2566,111.7187,221.3427
2567,2.839282,249.3561
2568,88.60985,258.0384
2569,108.7139,210.7748
2570,48.72168,194.0882
2571,162.2534,196.8841
2572,98.41837,169.1727
2573,40.10014,149.1331
2574,75.01117,162.2677
2575,152.7053,220.087
2576,115.8101,239.5288
2577,113.3295,217.0778
2578,87.94224,248.3167
2579,88.43084,214.8697
2580,125.6561,180.3399
2581,75.27853,197.0146
2582,118.1134,150.2623
2583,99.17559,116.9945
2584,67.11157,164.7672
2585,89.97959,267.5523
2586,168.9776,152.2063
2587,126.0885,235.8402
2588,78.17042,184.4258
2589,82.89094,167.3874
2590,88.27689,176.6144
2591,164.9166,185.8441
2592,89.47874,169.2078
2593,53.70658,230.6894
2594,82.49427,254.0012
2595,9.489396,211.9921
2596,101.0976,152.9088
2597,110.2665,208.6047
2598,163.9167,228.2827
2599,99.46181,113.5042
2600,99.10592,121.418
2601,171.0829,162.1515
2602,43.72333,221.1009
2603,241.3383,156.6512
2604,39.77164,213.8384
2605,71.19902,207.65
2606,100.9284,201.937
2607,129.9785,83.21704
2608,75.13254,222.8033
2609,114.6315,230.7817
2610,52.44391,233.7701
2611,142.4236,164.0061
2612,93.71181,158.5893
2613,6.819027,222.8849
2614,66.81824,196.1445
2615,83.18468,147.4947
2616,99.42887,210.6791
2617,117.9758,258.0354
2618,165.5309,219.317
2619,94.36402,250.6775
2620,162.1327,249.1832
2621,52.20724,189.6668
2622,189.0181,198.9795
2623,105.0479,214.0222
2624,99.40247,225.1148
2625,100.5089,176.7883
2626,85.30251,197.4958
2627,83.37653,184.5234
2628,49.52154,145.0116
2629,30.31123,187.1518
2630,109.443,220.5476
2631,52.10259,165.003
2632,118.0841,259.2711
2633,62.59782,177.9765
2634,84.63655,183.1204
2635,123.9557,243.9947
2636,147.7223,263.4172
2637,76.26283,126.3279
2638,137.052,237.5601
2639,64.76453,171.2644
2640,152.4486,183.5016
2641,51.12389,219.0071
2642,94.14023,196.6471
2643,92.53742,195.8312
2644,119.0993,219.3003
2645,113.0283,190.9139
2646,147.7983,142.4616
2647,110.9832,212.1184
2648,80.21227,197.9632
2649,85.64146,201.7576
2650,146.9377,177.1892
2651,148.8044,182.4661
2652,134.9243,167.1474
2653,98.83884,232.3417
2654,129.2639,218.3885
2655,119.8779,229.2664
2656,119.7936,245.164
2657,96.92311,153.1945
2658,119.229,187.3683
2659,37.81399,224.0441
2660,149.2324,138.8528
2661,66.85791,235.7127
2662,188.0113,157.3598
2663,79.066,244.7461
2664,116.9183,232.0213
2665,119.7641,173.0939
2666,155.5993,158.6588
2667,80.26052,192.4879
2668,128.1538,213.1284
2669,56.71437,276.9954
2670,67.35931,225.1433
2671,97.33014,170.2553
2672,134.8176,192.6191
2673,115.2115,183.0407
2674,7.951186,215.6416
2675,114.0148,219.5477
2676,98.15722,237.4677
2677,177.3233,202.634
2678,95.23792,152.1601
2679,92.8661,236.096
2680,141.6114,202.6282
2681,96.89746,213.2413
2682,88.69061,227.1506
2683,150.4505,168.5671
2684,72.70024,213.6592
2685,120.6346,187.8881
2686,42.87717,230.0513
2687,101.64,214.5239
2688,148.0091,217.0178
2689,72.41941,245.7225
2690,30.21677,222.7298
2691,110.2732,262.3782
2692,110.4121,261.873
2693,60.26138,210.649
2694,140.5182,161.8718
2695,129.2105,219.7139
2696,146.4957,183.7289
2697,107.6497,176.565
2698,126.5834,131.5428
2699,179.6038,230.3792
2700,111.7211,193.6107
2701,213.3449,210.1735
2702,64.34624,168.0347
2703,37.66546,212.9938
2704,40.46371,278.2977
2705,125.8669,262.9098
2706,119.6654,161.1524
2707,84.12899,210.9354
2708,123.2234,155.0554
2709,57.87502,161.2372
2710,77.64997,194.0721
2711,111.2658,231.0696
2712,80.53329,178.8905
2713,66.23292,247.0019
2714,40.83057,245.6309
2715,129.339,232.7419
2716,126.0228,210.0074
2717,62.26493,236.7106
2718,51.41245,199.5171
2719,88.42604,198.5451
2720,92.56237,223.9328
2721,51.37173,215.4844
2722,161.732,168.7522
2723,97.04178,201.3182
2724,75.5313,274.5725
2725,37.73193,207.6589
2726,101.2687,188.225
2727,90.75958,242.4608
2728,16.06356,239.0221
2729,84.01819,198.2478
2730,161.9515,238.9
2731,125.0108,196.4894
2732,45.93692,217.0019
2733,56.0849,235.1975
2734,61.93079,266.5018
2735,60.7325,187.954
2736,80.01958,180.3361
2737,137.6595,232.2644
2738,110.0309,171.8653
2739,133.6883,175.3155
2740,95.14416,145.3715
2741,78.89201,226.1081
2742,99.02204,182.385
2743,52.34342,184.4028
2744,98.63121,191.1127
2745,171.6523,233.749
2746,91.60522,143.082
2747,74.17129,266.5733
2748,121.846,251.5482
2749,27.01514,210.3032
2750,78.06267,257.9012
2751,41.28886,211.364
2752,111.1559,236.8464
2753,51.83108,210.6097
2754,139.1287,211.8633
2755,128.6797,179.3546
2756,142.4742,244.764
2757,136.9146,219.0971
2758,89.80503,224.7314
2759,154.8757,138.4047
2760,76.69046,163.5401
2761,147.1274,252.1448
2762,93.04795,275.5695
2763,81.78151,163.8887
2764,84.04084,163.4919
2765,164.925,174.2701
2766,39.46159,155.1496
2767,48.79196,223.022
2768,131.16,189.485
2769,134.0812,202.015
2770,134.8494,187.2945
2771,168.4896,204.0534
2772,64.66902,236.8763
2773,65.37434,209.3934
2774,13.22349,147.1348
2775,100.0984,161.2039
2776,97.45281,283.5171
2777,120.1594,203.1115
2778,146.8089,167.5109
2779,122.2168,230.7439
2780,78.25557,240.4958
2781,42.88361,222.61
2782,64.16399,177.4212
2783,63.64146,224.6705
2784,99.71306,143.0913
2785,150.8859,256.4553
2786,57.45233,183.2169
2787,85.93039,135.8421
2788,39.74099,190.438
2789,135.714,188.3571
2790,41.40009,212.9903
2791,98.20222,162.4559
2792,129.238,210.0773
2793,114.7174,196.2752
2794,94.14693,140.9656
2795,88.95773,233.6739
2796,88.78787,175.4591
2797,62.18523,168.2621
2798,72.36322,150.4965
2799,88.44259,188.175
2800,83.36462,151.9613
2801,117.4699,169.1998
2802,80.65557,196.2144
2803,203.1645,158.4012
2804,88.89952,129.4891
2805,147.5639,124.3929
2806,82.78578,123.3216
2807,67.50486,269.3076
2808,112.3139,162.2617
2809,74.39551,173.8045
2810,57.31783,156.1511
2811,83.00943,186.5075
2812,98.35431,191.1867
2813,81.48815,255.6515
2814,29.28785,231.3262
2815,103.598,225.3863
2816,95.38268,209.9549
2817,185.4521,176.408
2818,78.02465,192.6184
2819,141.246,259.5382
2820,75.3289,203.3794
2821,66.20382,224.1362
2822,165.6114,175.6209
2823,152.0003,200.4512
2824,45.85975,273.5296
2825,85.44006,182.8694
2826,117.8343,266.1725
2827,106.4103,272.7395
2828,132.2477,122.6931
2829,157.4068,190.697
2830,127.7264,110.8409
2831,116.9455,214.7082
2832,50.29492,233.146
2833,88.33859,251.1529
2834,87.29605,145.1064
2835,125.8599,278.8322
2836,103.0918,206.6408
2837,120.9084,197.3356
2838,190.8659,182.7245
2839,73.86865,188.2561
2840,105.4966,152.5261
2841,118.8107,170.3979
2842,122.1845,236.4211
2843,130.003,260.7815
2844,118.4184,218.9382
2845,95.13563,186.3959
2846,141.1153,172.4222
2847,150.7582,180.7396
2848,82.59375,240.0466
2849,156.3479,199.5499
2850,114.0344,193.5029
2851,101.9996,187.8445
2852,80.3577,197.8423
2853,177.1415,152.1178
2854,68.63821,217.2878
2855,103.9561,133.2987
2856,39.06374,228.769
2857,97.21791,169.1446
2858,223.1801,194.7585
2859,72.96157,214.128
2860,140.123,209.6019
2861,144.2767,187.5814
2862,108.8863,195.6733
2863,97.33364,157.5223
2864,125.0794,188.3345
2865,108.9568,208.1595
2866,45.86215,264.3822
2867,150.0625,200.0651
2868,67.14662,206.4741
2869,75.51205,225.5496
2870,68.61311,205.7099
2871,123.1982,213.4892
2872,139.4543,172.1018
2873,126.5689,183.7244
2874,102.5723,185.1919
2875,90.13892,186.8776
2876,94.37704,175.43
2877,65.27823,185.6154
2878,110.0017,233.2833
2879,52.7474,223.446
2880,129.003,163.0729
2881,80.63531,262.7248
2882,128.8624,223.6504
2883,141.4775,154.8711
2884,-21.6824,247.5806
2885,55.36108,202.5218
2886,108.2949,149.9785
2887,133.1884,184.6374
2888,187.4248,237.3059
2889,117.3708,199.3708
2890,128.1352,192.4718
2891,94.6463,218.6581
2892,134.8074,224.7979
2893,100.0952,135.2338
2894,80.38768,253.3221
2895,86.70245,126.1323
2896,178.2269,132.0489
2897,80.77746,211.2227
2898,100.5648,204.5039
2899,110.9907,213.9724
2900,90.73988,261.5751
2901,68.43566,284.5474
2902,134.4044,196.7631
2903,74.41125,270.4886
2904,61.36305,161.2867
2905,129.5513,223.1248
2906,87.96495,220.3905
2907,116.4969,210.7571
2908,58.86107,203.9606
2909,134.0973,195.4024
2910,68.27056,218.2922
2911,133.6684,258.9814
2912,141.3652,182.323
2913,169.7583,201.5889
2914,82.99414,280.3106
2915,105.7656,228.143
2916,89.36419,245.2546
2917,74.46225,295.4985
2918,158.027,179.5514
2919,56.01346,230.59
2920,135.5206,224.4723
2921,143.2813,189.1438
2922,117.5966,158.8492
2923,104.4064,132.1604
2924,68.57461,218.1319
2925,170.2831,179.9874
2926,114.2647,183.1606
2927,129.2706,163.8732
2928,38.73628,217.6537
2929,55.70532,161.9836
2930,130.6823,256.8024
2931,106.4834,261.8892
2932,148.2547,214.6027
2933,143.6123,212.1215
2934,77.13262,214.0326
2935,109.4136,175.0803
2936,139.4737,188.4002
2937,58.83279,142.8262
2938,91.57953,251.1095
2939,70.62028,198.561
2940,71.01928,167.4265
2941,76.57177,156.1151
2942,27.82042,246.4037
2943,47.74199,189.7485
2944,63.12583,180.754
2945,73.90048,232.729
2946,116.4146,229.7558
2947,85.21053,187.3348
2948,131.6449,204.4563
2949,72.20213,267.5848
2950,122.6003,196.2275
2951,57.91914,212.2843
2952,76.79676,202.3196
2953,134.939,141.362
2954,128.0244,198.6531
2955,119.9828,150.4389
2956,119.6765,272.2295
2957,173.6282,133.0779
2958,100.6348,254.6073
2959,108.0876,183.7422
2960,127.0544,139.082
2961,63.10313,154.7005
2962,131.3751,265.4242
2963,61.45149,196.6987
2964,-2.89035,258.6151
2965,131.5357,197.3243
2966,109.331,250.1679
2967,178.489,262.4875
2968,108.0352,290.6496
2969,119.8218,204.5534
2970,58.97601,245.6295
2971,19.55164,212.3508
2972,141.7733,157.8141
2973,132.9709,179.0031
2974,142.5456,227.813
2975,83.3597,189.3465
2976,57.74608,210.0001
2977,36.0532,260.0028
2978,35.16172,225.7511
2979,85.07643,210.3998
2980,169.2761,238.8845
2981,115.1903,243.8488
2982,159.9787,207.8183
2983,141.822,240.3549
2984,54.15369,246.0609
2985,124.188,257.4015
2986,141.2331,218.9297
2987,75.70395,220.8714
2988,98.86901,263.4801
2989,95.78852,235.18
2990,166.3477,156.8645
2991,97.3583,227.8899
2992,91.18831,223.9448
2993,56.88277,153.5857
2994,102.9519,233.1641
2995,132.2787,194.3028
2996,145.8883,182.3297
2997,120.6695,205.905
2998,138.6708,198.2563
2999,106.6971,244.7867
3000,143.4727,295.3242
